Text,Sentiment
The battery life exceeded my expectations and the device design is sleek and modern.,1
The sound quality is poor and there were constant connection issues with Bluetooth.,0
"Easy to set up and user-friendly interface, really enjoyed using it during the trial.",1
The screen froze several times and the device became very hot with prolonged use.,0
"Impressive camera clarity, even in low light situations.",1
The touch controls were unresponsive and the manual was hard to follow.,0
"Battery charges quickly and lasts all day, which is amazing.",1
The speakers had a crackling noise and the charging port was loose.,0
Very intuitive controls and connected seamlessly to my phone and laptop.,1
I experienced random shutdowns and the software was buggy throughout the test.,0
The sound quality was fantastic and battery lasted all day.,1
"Device kept overheating after 10 minutes, not satisfied.",0
The touch screen was intuitive and easy to use.,1
I faced constant connectivity issues during the trial.,0
User manual was helpful and setup was quick.,1
Several features did not work as advertised.,0
The design is modern but the buttons are hard to press.,0
Customer support was prompt and solved my issue.,1
It's lightweight and fits perfectly in my bag.,1
Poor camera quality in low light environments.,0
the camera is great,1
battery drains fast,0
The audio quality is amazing.,1
Screen cracked after one week.,0
The sound quality was fantastic and the battery lasted all day.,1
The design of the product is sleek and modern.,1
"Setup was quick and easy, great user experience!",1
"Device kept overheating after 10 minutes, not satisfied.",0
The touch screen was intuitive and easy to navigate.,1
I faced constant connectivity issues during the trial.,0
Customer support was prompt and really helpful when I had questions.,1
The screen resolution is low and not clear enough.,0
The battery charges quickly and holds a charge well.,1
The instructions were confusing and hard to follow.,0
"Impressive camera clarity, even in low-light situations.",1
The product is bulky and difficult to carry around.,0
Very lightweight and fits perfectly in my bag.,1
Poor camera quality in low light environments.,0
The app features are a nice addition and very user-friendly.,1
"The device freezes occasionally, which is frustrating.",0
Excellent value for the price; I’m very happy with my purchase!,1
"The color options are limited, I'd like more variety.",0
Battery life is great and lasts through the day.,1
The microphone picks up background noise and isn't reliable.,0
Great build quality; feels very premium in hand.,1
The product doesn’t match the description provided on the website.,0
"Performance is solid, ideal for my needs.",1
"Instructions are not clear, I would appreciate more detailed guidance.",0
Very intuitive controls and connected seamlessly to my phone.,1
"The app crashes frequently, which is very disappointing.",0
"Overall, I would recommend this device to my friends!",1
The warranty process was very slow and tedious.,0
This is the worst purchase I have ever made!,0
"Wow, fantastic! I love everything about this product.",1
"Oh great, another device that breaks after one month... so useful!",0
"This is just okay. It works, but nothing special.",1
"Seriously, how hard is it to make a reliable product? 😒",0
Super easy setup. I had it running in no time!,1
I had hopes it would last longer. The battery barely makes it through a day.,0
"Could be better, but the design is really sleek!",1
Just what I needed! It's seriously a game-changer! 💯,1
User manual? More like user confusion manual.,0
Great product!,1
"I had high hopes for this device, but after using it for a couple of weeks, the battery life has really let me down. I expected better!",0
"Oh, wonderful, the charger broke after one use. Just what I needed!",0
This thing is AMAZING! 😍,0
I am thoroughly impressed with the product's capabilities.,1
